{"0.11862740152215845":{"user_id":2},"0.6818550432990436":{"user_id":2},"0.6116873622612675":{"user_id":2},"0.2727663270901963":{"user_id":2}}